Fsed_dic,Ksed_dic,theta_sed_dic
394971544.080191,-9942676.37148435,-78279655.589181
394971544.080191,-48865758.227117,-327515941.012328
220953344.181589,-1480.47207293411,7351.19900753101
