Rch4ox,Kch4ox,vTch4ox,Fsed_ch4,Ksed_ch4,theta_sed_ch4
6456404.68070786,20198509.4413375,-2188401.66501725,1824818.40228003,18811162.7503507,-18013874.413105
-40362494.3402645,-254884023.115214,6757.7668408157,1018762589.60024,-288736699.092997,-170185611.455319
10451801.0540365,3093630255.66256,13030969.7253194,-2979274232.16767,2679370.36685438,-68098140.8081247
