Fsed_dic,Ksed_dic,theta_sed_dic
133652509.840008,-22705902.691527,-4406016.51599899
120371446.822974,57131638.8292006,-39554010.2887287
107619710.883563,-43180417.9665027,220.28475353795
