Fsed_rsi,Ksed_rsi,theta_sed_rsi
460797.771829053,173792.879890107,-97098.1688205122
1111642.04115386,-807065.675923846,-108574.914656301
773816.832836963,-564111.625545917,12351.4700202452
