wind_factor,sw_factor,lw_factor,coef_mix_conv,coef_wind_stir,coef_mix_shear,coef_mix_turb,coef_mix_KH,coef_mix_hyp,ce,ch,cd,sed_temp_mean,sed_temp_mean,sed_temp_amplitude,sed_temp_amplitude,sed_temp_peak_doy,sed_temp_peak_doy
-383.613441357435,3262.78691691324,5910.80012489636,-70.4389555326796,1752.42817607921,-1282.18342455822,134.25846342457,1359.94693773498,-759.371066414784,1123.69357214304,1329.33021383706,-1269.4532547469,-11874.7823324745,15705.9134443773,410.9124598039,-2380.63542723017,603.790813232445,-1088.43753031211
-572.511753068316,-4804.32493984095,-3464.23764658061,-1038.42017312204,-60.7239808499314,0,-490.798957985656,673.660351013492,1038.52506730957,289.241968535587,305.223307862151,-873.967147126423,9955.0453965414,-17267.8866039048,1080.29217823404,-198.015543959858,-880.119441542702,1670.82861698191
-1420.43798451502,4597.95615626232,-6592.409282745,-1179.20512431458,157.813821703187,0,67.5254691517491,35.2401682502548,502.439552168887,1967.45134461842,-352.253982657745,1480.35584376209,10273.2372450191,14454.0552634282,736.659600071637,3135.27994771651,1330.75922982126,2150.12479655948
