Rch4ox,Kch4ox,vTch4ox,Fsed_ch4,Ksed_ch4,theta_sed_ch4
2615236.88564768,9501.10825638504,-81649.3912782334,515729.416589972,171737.263113627,183255.510123906
678111.246383016,-119590.958672506,-12560105.408477,15397015.1892526,-906136.503329936,-922937.59750677
38786.6844127913,-321574.53063668,-16403.9046444568,1147406.26773433,-558548.505298076,98504.4417667881
