Fsed_oxy,Fsed_oxy,Ksed_oxy,theta_sed_oxy,Rdom_minerl,Rpom_hydrol,Rdomr_minerl,Rcpom_bdown
-17584973.4957264,168908.353485956,4176.21612628049,47434.9573207204,521601.327471887,0,-15598.680195323,0
-6720817.00268595,-207374.378403259,377975.511459463,805489.304171976,684502.657245157,0,-682450.590914305,-1068100.13534031
-7779384.43569535,-343310.79238365,349249.204697965,424202.163046725,1061014.69331952,0,-588895.248371295,0
