wind_factor,sw_factor,lw_factor,coef_mix_conv,coef_wind_stir,coef_mix_shear,coef_mix_turb,coef_mix_KH,coef_mix_hyp,ce,ch,cd,sed_temp_mean,sed_temp_mean,sed_temp_amplitude,sed_temp_amplitude,sed_temp_peak_doy,sed_temp_peak_doy
-1011.9423038196,-5695.30291153636,-4393.76850302402,-1377.37897975595,1539.33884028186,0,2287.31894633968,-1458.58474982426,568.177021368206,2854.53587897398,-2278.00326438463,1067.53488572312,-15208.0038749371,14743.8956126804,-3094.20587780084,-4975.26327152086,1550.02746482958,3628.41428180608
-474.629310353238,5190.88881826411,-3179.86054146769,-1494.25769868854,674.908618557254,0,895.141755222329,1476.06514615128,470.933963478646,813.574727944579,-622.683753378507,620.71370574632,10084.0487399516,11576.872847534,-1775.34858577752,3589.16202273094,208.959200521309,-852.026805058849
-36.6409538353643,3075.7477703376,7880.11379540828,3444.04833961682,1620.25381138187,0,-3687.68795097295,-1352.23528964576,458.238553122626,2440.076313021,-1110.07083494448,600.988225639105,11767.7587013943,14864.1163033201,1276.8721696569,3255.874484877,-751.512361811955,-2205.43109953495
